publication	name	documentation-url	data-url
abertawe-swansea	Abertawe - Swansea	https://www.gov.uk/government/publications/abertawe-swansea-inspire-index-polygon-data	http://data.inspire.landregistry.gov.uk/Abertawe_-_Swansea.zip
adur	Adur	https://www.gov.uk/government/publications/adur-inspire-index-polygon-data--2	http://data.inspire.landregistry.gov.uk/Adur.zip
allerdale	Allerdale	https://www.gov.uk/government/publications/allerdale-inspire-index-polygon-data--2	http://data.inspire.landregistry.gov.uk/Allerdale.zip
amber-valley	Amber Valley	https://www.gov.uk/government/publications/amber-valley-inspire-index-polygon-data	http://data.inspire.landregistry.gov.uk/Amber_Valley.zip
arun	Arun	https://www.gov.uk/government/publications/arun-inspire-index-polygon-data	http://data.inspire.landregistry.gov.uk/Arun.zip
ashfield	Ashfield	https://www.gov.uk/government/publications/ashfield-inspire-index-polygon-data	http://data.inspire.landregistry.gov.uk/Ashfield.zip
ashford	Ashford	https://www.gov.uk/government/publications/ashford-inspire-index-polygon-data	http://data.inspire.landregistry.gov.uk/Ashford.zip
aylesbury-vale	Aylesbury Vale	https://www.gov.uk/government/publications/aylesbury-vale-inspire-index-polygon-data	http://data.inspire.landregistry.gov.uk/Aylesbury_Vale.zip
babergh	Babergh	https://www.gov.uk/government/publications/babergh-inspire-index-polygon-data	http://data.inspire.landregistry.gov.uk/Babergh.zip
barking-and-dagenham	Barking and Dagenham	https://www.gov.uk/government/publications/barking-and-dagenham-inspire-index-polygon-data	http://data.inspire.landregistry.gov.uk/Barking_and_Dagenham.zip
barnet	Barnet	https://www.gov.uk/government/publications/barnet-inspire-index-polygon-data	http://data.inspire.landregistry.gov.uk/Barnet.zip
barnsley	Barnsley	https://www.gov.uk/government/publications/barnsley-inspire-index-polygon-data	http://data.inspire.landregistry.gov.uk/Barnsley.zip
barrow-in-furness	Barrow-in-Furness	https://www.gov.uk/government/publications/barrow-in-furness-inspire-index-polygon-data	http://data.inspire.landregistry.gov.uk/Barrow-in-Furness.zip
basildon	Basildon	https://www.gov.uk/government/publications/basildon-inspire-index-polygon-data	http://data.inspire.landregistry.gov.uk/Basildon.zip
basingstoke-and-deane	Basingstoke and Deane	https://www.gov.uk/government/publications/basingstoke-and-deane-inspire-index-polygon-data	http://data.inspire.landregistry.gov.uk/Basingstoke_and_Deane.zip
bassetlaw	Bassetlaw	https://www.gov.uk/government/publications/bassetlaw-inspire-index-polygon-data	http://data.inspire.landregistry.gov.uk/Bassetlaw.zip
bath-and-north-east-somerset	Bath and North East Somerset	https://www.gov.uk/government/publications/bath-and-north-east-somerset-inspire-index-polygon-data	http://data.inspire.landregistry.gov.uk/Bath_and_North_East_Somerset.zip
bedford	Bedford	https://www.gov.uk/government/publications/bedford-inspire-index-polygon-data	http://data.inspire.landregistry.gov.uk/Bedford.zip
bexley	Bexley	https://www.gov.uk/government/publications/bexley-inspire-index-polygon-data	http://data.inspire.landregistry.gov.uk/Bexley.zip
birmingham	Birmingham	https://www.gov.uk/government/publications/birmingham-inspire-index-polygon-data	http://data.inspire.landregistry.gov.uk/Birmingham.zip
blaby	Blaby	https://www.gov.uk/government/publications/blaby-inspire-index-polygon-data	http://data.inspire.landregistry.gov.uk/Blaby.zip
blackburn-with-darwen	Blackburn with Darwen	https://www.gov.uk/government/publications/blackburn-with-darwen-inspire-index-polygon-data	http://data.inspire.landregistry.gov.uk/Blackburn_with_Darwen.zip
blackpool	Blackpool	https://www.gov.uk/government/publications/blackpool-inspire-index-polygon-data	http://data.inspire.landregistry.gov.uk/Blackpool.zip
blaenau-gwent-blaenau-gwent	Blaenau Gwent - Blaenau Gwent	https://www.gov.uk/government/publications/blaenau-gwent-blaenau-gwent-inspire-index-polygon-data	http://data.inspire.landregistry.gov.uk/Blaenau_Gwent_-_Blaenau_Gwent.zip
bolsover	Bolsover	https://www.gov.uk/government/publications/bolsover-inspire-index-polygon-data	http://data.inspire.landregistry.gov.uk/Bolsover.zip
bolton	Bolton	https://www.gov.uk/government/publications/bolton-inspire-index-polygon-data	http://data.inspire.landregistry.gov.uk/Bolton.zip
boston	Boston	https://www.gov.uk/government/publications/boston-inspire-index-polygon-data	http://data.inspire.landregistry.gov.uk/Boston.zip
bournemouth	Bournemouth	https://www.gov.uk/government/publications/bournemouth-inspire-index-polygon-data	http://data.inspire.landregistry.gov.uk/Bournemouth.zip
bracknell-forest	Bracknell Forest	https://www.gov.uk/government/publications/bracknell-forest-inspire-index-polygon-data	http://data.inspire.landregistry.gov.uk/Bracknell_Forest.zip
bradford	Bradford	https://www.gov.uk/government/publications/bradford-inspire-index-polygon-data	http://data.inspire.landregistry.gov.uk/Bradford.zip
braintree	Braintree	https://www.gov.uk/government/publications/braintree-inspire-index-polygon-data	http://data.inspire.landregistry.gov.uk/Braintree.zip
breckland	Breckland	https://www.gov.uk/government/publications/breckland-inspire-index-polygon-data	http://data.inspire.landregistry.gov.uk/Breckland.zip
brent	Brent	https://www.gov.uk/government/publications/brent-inspire-index-polygon-data	http://data.inspire.landregistry.gov.uk/Brent.zip
brentwood	Brentwood	https://www.gov.uk/government/publications/brentwood-inspire-index-polygon-data	http://data.inspire.landregistry.gov.uk/Brentwood.zip
broadland	Broadland	https://www.gov.uk/government/publications/broadland-inspire-index-polygon-data	http://data.inspire.landregistry.gov.uk/Broadland.zip
bromley	Bromley	https://www.gov.uk/government/publications/bromley-inspire-index-polygon-data	http://data.inspire.landregistry.gov.uk/Bromley.zip
bromsgrove	Bromsgrove	https://www.gov.uk/government/publications/bromsgrove-inspire-index-polygon-data	http://data.inspire.landregistry.gov.uk/Bromsgrove.zip
broxbourne	Broxbourne	https://www.gov.uk/government/publications/broxbourne-inspire-index-polygon-data	http://data.inspire.landregistry.gov.uk/Broxbourne.zip
broxtowe	Broxtowe	https://www.gov.uk/government/publications/broxtowe-inspire-index-polygon-data	http://data.inspire.landregistry.gov.uk/Broxtowe.zip
burnley	Burnley	https://www.gov.uk/government/publications/burnley-inspire-index-polygon-data	http://data.inspire.landregistry.gov.uk/Burnley.zip
bury	Bury	https://www.gov.uk/government/publications/bury-inspire-index-polygon-data	http://data.inspire.landregistry.gov.uk/Bury.zip
caerdydd-cardiff	Caerdydd - Cardiff	https://www.gov.uk/government/publications/caerdydd-cardiff-inspire-index-polygon-data	http://data.inspire.landregistry.gov.uk/Caerdydd_-_Cardiff.zip
caerffili-caerphilly	Caerffili - Caerphilly	https://www.gov.uk/government/publications/caerffili-caerphilly-inspire-index-polygon-data	http://data.inspire.landregistry.gov.uk/Caerffili_-_Caerphilly.zip
calderdale	Calderdale	https://www.gov.uk/government/publications/calderdale-inspire-index-polygon-data	http://data.inspire.landregistry.gov.uk/Calderdale.zip
cambridge	Cambridge	https://www.gov.uk/government/publications/cambridge-inspire-index-polygon-data	http://data.inspire.landregistry.gov.uk/Cambridge.zip
camden	Camden	https://www.gov.uk/government/publications/camden-inspire-index-polygon-data	http://data.inspire.landregistry.gov.uk/Camden.zip
cannock-chase	Cannock Chase	https://www.gov.uk/government/publications/cannock-chase-inspire-index-polygon-data	http://data.inspire.landregistry.gov.uk/Cannock_Chase.zip
canterbury	Canterbury	https://www.gov.uk/government/publications/canterbury-inspire-index-polygon-data	http://data.inspire.landregistry.gov.uk/Canterbury.zip
carlisle	Carlisle	https://www.gov.uk/government/publications/carlisle-inspire-index-polygon-data	http://data.inspire.landregistry.gov.uk/Carlisle.zip
casnewydd-newport	Casnewydd - Newport	https://www.gov.uk/government/publications/casnewydd-newport-inspire-index-polygon-data	http://data.inspire.landregistry.gov.uk/Casnewydd_-_Newport.zip
castell-nedd-port-talbot-neath-port-talbot	Castell-nedd Port Talbot - Neath Port Talbot	https://www.gov.uk/government/publications/castell-nedd-port-talbot-neath-port-talbot-inspire-index-polygon-data	http://data.inspire.landregistry.gov.uk/Castell-nedd_Port_Talbot_-_Neath_Port_Talbot.zip
castle-point	Castle Point	https://www.gov.uk/government/publications/castle-point-inspire-index-polygon-data	http://data.inspire.landregistry.gov.uk/Castle_Point.zip
central-bedfordshire	Central Bedfordshire	https://www.gov.uk/government/publications/central-bedfordshire-inspire-index-polygon-data	http://data.inspire.landregistry.gov.uk/Central_Bedfordshire.zip
charnwood	Charnwood	https://www.gov.uk/government/publications/charnwood-inspire-index-polygon-data	http://data.inspire.landregistry.gov.uk/Charnwood.zip
chelmsford	Chelmsford	https://www.gov.uk/government/publications/chelmsford-inspire-index-polygon-data	http://data.inspire.landregistry.gov.uk/Chelmsford.zip
cheltenham	Cheltenham	https://www.gov.uk/government/publications/cheltenham-inspire-index-polygon-data	http://data.inspire.landregistry.gov.uk/Cheltenham.zip
cherwell	Cherwell	https://www.gov.uk/government/publications/cherwell-inspire-index-polygon-data	http://data.inspire.landregistry.gov.uk/Cherwell.zip
cheshire-east	Cheshire East	https://www.gov.uk/government/publications/cheshire-east-inspire-index-polygon-data	http://data.inspire.landregistry.gov.uk/Cheshire_East.zip
cheshire-west-and-chester	Cheshire West and Chester	https://www.gov.uk/government/publications/cheshire-west-and-chester-inspire-index-polygon-data	http://data.inspire.landregistry.gov.uk/Cheshire_West_and_Chester.zip
chesterfield	Chesterfield	https://www.gov.uk/government/publications/chesterfield-inspire-index-polygon-data	http://data.inspire.landregistry.gov.uk/Chesterfield.zip
chichester	Chichester	https://www.gov.uk/government/publications/chichester-inspire-index-polygon-data	http://data.inspire.landregistry.gov.uk/Chichester.zip
chiltern	Chiltern	https://www.gov.uk/government/publications/chiltern-inspire-index-polygon-data	http://data.inspire.landregistry.gov.uk/Chiltern.zip
chorley	Chorley	https://www.gov.uk/government/publications/chorley-inspire-index-polygon-data	http://data.inspire.landregistry.gov.uk/Chorley.zip
christchurch	Christchurch	https://www.gov.uk/government/publications/christchurch-inspire-index-polygon-data	http://data.inspire.landregistry.gov.uk/Christchurch.zip
city-of-bristol	City of Bristol	https://www.gov.uk/government/publications/city-of-bristol-inspire-index-polygon-data	http://data.inspire.landregistry.gov.uk/City_of_Bristol.zip
city-of-derby	City of Derby	https://www.gov.uk/government/publications/city-of-derby-inspire-index-polygon-data	http://data.inspire.landregistry.gov.uk/City_of_Derby.zip
city-of-kingston-upon-hull	City of Kingston upon Hull	https://www.gov.uk/government/publications/city-of-kingston-upon-hull-inspire-index-polygon-data	http://data.inspire.landregistry.gov.uk/City_of_Kingston_upon_Hull.zip
city-of-leicester	City of Leicester	https://www.gov.uk/government/publications/city-of-leicester-inspire-index-polygon-data	http://data.inspire.landregistry.gov.uk/City_of_Leicester.zip
city-of-london	City of London	https://www.gov.uk/government/publications/city-of-london-inspire-index-polygon-data	http://data.inspire.landregistry.gov.uk/City_of_London.zip
city-of-nottingham	City of Nottingham	https://www.gov.uk/government/publications/city-of-nottingham-inspire-index-polygon-data	http://data.inspire.landregistry.gov.uk/City_of_Nottingham.zip
city-of-peterborough	City of Peterborough	https://www.gov.uk/government/publications/city-of-peterborough-inspire-index-polygon-data	http://data.inspire.landregistry.gov.uk/City_of_Peterborough.zip
city-of-plymouth	City of Plymouth	https://www.gov.uk/government/publications/city-of-plymouth-inspire-index-polygon-data	http://data.inspire.landregistry.gov.uk/City_of_Plymouth.zip
city-of-portsmouth	City of Portsmouth	https://www.gov.uk/government/publications/city-of-portsmouth-inspire-index-polygon-data	http://data.inspire.landregistry.gov.uk/City_of_Portsmouth.zip
city-of-southampton	City of Southampton	https://www.gov.uk/government/publications/city-of-southampton-inspire-index-polygon-data	http://data.inspire.landregistry.gov.uk/City_of_Southampton.zip
city-of-stoke-on-trent	City of Stoke-on-Trent	https://www.gov.uk/government/publications/city-of-stoke-on-trent-inspire-index-polygon-data	http://data.inspire.landregistry.gov.uk/City_of_Stoke-on-Trent.zip
city-of-westminster	City of Westminster	https://www.gov.uk/government/publications/city-of-westminster-inspire-index-polygon-data	http://data.inspire.landregistry.gov.uk/City_of_Westminster.zip
city-of-wolverhampton	City of Wolverhampton	https://www.gov.uk/government/publications/city-of-wolverhampton-inspire-index-polygon-data	http://data.inspire.landregistry.gov.uk/City_of_Wolverhampton.zip
colchester	Colchester	https://www.gov.uk/government/publications/colchester-inspire-index-polygon-data	http://data.inspire.landregistry.gov.uk/Colchester.zip
conwy-conwy	Conwy - Conwy	https://www.gov.uk/government/publications/conwy-conwy-inspire-index-polygon-data	http://data.inspire.landregistry.gov.uk/Conwy_-_Conwy.zip
copeland	Copeland	https://www.gov.uk/government/publications/copeland-inspire-index-polygon-data	http://data.inspire.landregistry.gov.uk/Copeland.zip
corby	Corby	https://www.gov.uk/government/publications/corby-inspire-index-polygon-data	http://data.inspire.landregistry.gov.uk/Corby.zip
cornwall	Cornwall	https://www.gov.uk/government/publications/cornwall-inspire-index-polygon-data	http://data.inspire.landregistry.gov.uk/Cornwall.zip
cotswold	Cotswold	https://www.gov.uk/government/publications/cotswold-inspire-index-polygon-data	http://data.inspire.landregistry.gov.uk/Cotswold.zip
county-durham	County Durham	https://www.gov.uk/government/publications/county-durham-inspire-index-polygon-data	http://data.inspire.landregistry.gov.uk/County_Durham.zip
county-of-herefordshire	County of Herefordshire	https://www.gov.uk/government/publications/county-of-herefordshire-inspire-index-polygon-data	http://data.inspire.landregistry.gov.uk/County_of_Herefordshire.zip
coventry	Coventry	https://www.gov.uk/government/publications/coventry-inspire-index-polygon-data	http://data.inspire.landregistry.gov.uk/Coventry.zip
craven	Craven	https://www.gov.uk/government/publications/craven-inspire-index-polygon-data	http://data.inspire.landregistry.gov.uk/Craven.zip
crawley	Crawley	https://www.gov.uk/government/publications/crawley-inspire-index-polygon-data	http://data.inspire.landregistry.gov.uk/Crawley.zip
croydon	Croydon	https://www.gov.uk/government/publications/croydon-inspire-index-polygon-data	http://data.inspire.landregistry.gov.uk/Croydon.zip
dacorum	Dacorum	https://www.gov.uk/government/publications/dacorum-inspire-index-polygon-data	http://data.inspire.landregistry.gov.uk/Dacorum.zip
darlington	Darlington	https://www.gov.uk/government/publications/darlington-inspire-index-polygon-data	http://data.inspire.landregistry.gov.uk/Darlington.zip
dartford	Dartford	https://www.gov.uk/government/publications/dartford-inspire-index-polygon-data	http://data.inspire.landregistry.gov.uk/Dartford.zip
daventry	Daventry	https://www.gov.uk/government/publications/daventry-inspire-index-polygon-data	http://data.inspire.landregistry.gov.uk/Daventry.zip
derbyshire-dales	Derbyshire Dales	https://www.gov.uk/government/publications/derbyshire-dales-inspire-index-polygon-data	http://data.inspire.landregistry.gov.uk/Derbyshire_Dales.zip
doncaster	Doncaster	https://www.gov.uk/government/publications/doncaster-inspire-index-polygon-data	http://data.inspire.landregistry.gov.uk/Doncaster.zip
dover	Dover	https://www.gov.uk/government/publications/dover-inspire-index-polygon-data	http://data.inspire.landregistry.gov.uk/Dover.zip
dudley	Dudley	https://www.gov.uk/government/publications/dudley-inspire-index-polygon-data	http://data.inspire.landregistry.gov.uk/Dudley.zip
ealing	Ealing	https://www.gov.uk/government/publications/ealing-inspire-index-polygon-data	http://data.inspire.landregistry.gov.uk/Ealing.zip
east-cambridgeshire	East Cambridgeshire	https://www.gov.uk/government/publications/east-cambridgeshire-inspire-index-polygon-data	http://data.inspire.landregistry.gov.uk/East_Cambridgeshire.zip
east-devon	East Devon	https://www.gov.uk/government/publications/east-devon-inspire-index-polygon-data	http://data.inspire.landregistry.gov.uk/East_Devon.zip
east-dorset	East Dorset	https://www.gov.uk/government/publications/east-dorset-inspire-index-polygon-data	http://data.inspire.landregistry.gov.uk/East_Dorset.zip
east-hampshire	East Hampshire	https://www.gov.uk/government/publications/east-hampshire-inspire-index-polygon-data	http://data.inspire.landregistry.gov.uk/East_Hampshire.zip
east-hertfordshire	East Hertfordshire	https://www.gov.uk/government/publications/east-hertfordshire-inspire-index-polygon-data	http://data.inspire.landregistry.gov.uk/East_Hertfordshire.zip
east-lindsey	East Lindsey	https://www.gov.uk/government/publications/east-lindsey-inspire-index-polygon-data	http://data.inspire.landregistry.gov.uk/East_Lindsey.zip
east-northamptonshire	East Northamptonshire	https://www.gov.uk/government/publications/east-northamptonshire-inspire-index-polygon-data	http://data.inspire.landregistry.gov.uk/East_Northamptonshire.zip
east-riding-of-yorkshire	East Riding of Yorkshire	https://www.gov.uk/government/publications/east-riding-of-yorkshire-inspire-index-polygon-data	http://data.inspire.landregistry.gov.uk/East_Riding_of_Yorkshire.zip
east-staffordshire	East Staffordshire	https://www.gov.uk/government/publications/east-staffordshire-inspire-index-polygon-data	http://data.inspire.landregistry.gov.uk/East_Staffordshire.zip
eastbourne	Eastbourne	https://www.gov.uk/government/publications/eastbourne-inspire-index-polygon-data	http://data.inspire.landregistry.gov.uk/Eastbourne.zip
eastleigh	Eastleigh	https://www.gov.uk/government/publications/eastleigh-inspire-index-polygon-data	http://data.inspire.landregistry.gov.uk/Eastleigh.zip
eden	Eden	https://www.gov.uk/government/publications/eden-inspire-index-polygon-data	http://data.inspire.landregistry.gov.uk/Eden.zip
elmbridge	Elmbridge	https://www.gov.uk/government/publications/elmbridge-inspire-index-polygon-data	http://data.inspire.landregistry.gov.uk/Elmbridge.zip
enfield	Enfield	https://www.gov.uk/government/publications/enfield-inspire-index-polygon-data	http://data.inspire.landregistry.gov.uk/Enfield.zip
epping-forest	Epping Forest	https://www.gov.uk/government/publications/epping-forest-inspire-index-polygon-data	http://data.inspire.landregistry.gov.uk/Epping_Forest.zip
epsom-and-ewell	Epsom and Ewell	https://www.gov.uk/government/publications/epsom-and-ewell-inspire-index-polygon-data	http://data.inspire.landregistry.gov.uk/Epsom_and_Ewell.zip
erewash	Erewash	https://www.gov.uk/government/publications/erewash-inspire-index-polygon-data	http://data.inspire.landregistry.gov.uk/Erewash.zip
exeter	Exeter	https://www.gov.uk/government/publications/exeter-inspire-index-polygon-data	http://data.inspire.landregistry.gov.uk/Exeter.zip
fareham	Fareham	https://www.gov.uk/government/publications/fareham-inspire-index-polygon-data	http://data.inspire.landregistry.gov.uk/Fareham.zip
fenland	Fenland	https://www.gov.uk/government/publications/fenland-inspire-index-polygon-data	http://data.inspire.landregistry.gov.uk/Fenland.zip
forest-heath	Forest Heath	https://www.gov.uk/government/publications/forest-heath-inspire-index-polygon-data	http://data.inspire.landregistry.gov.uk/Forest_Heath.zip
forest-of-dean	Forest of Dean	https://www.gov.uk/government/publications/forest-of-dean-inspire-index-polygon-data	http://data.inspire.landregistry.gov.uk/Forest_of_Dean.zip
fylde	Fylde	https://www.gov.uk/government/publications/fylde-inspire-index-polygon-data	http://data.inspire.landregistry.gov.uk/Fylde.zip
gateshead	Gateshead	https://www.gov.uk/government/publications/gateshead-inspire-index-polygon-data	http://data.inspire.landregistry.gov.uk/Gateshead.zip
gedling	Gedling	https://www.gov.uk/government/publications/gedling-inspire-index-polygon-data	http://data.inspire.landregistry.gov.uk/Gedling.zip
gloucester	Gloucester	https://www.gov.uk/government/publications/gloucester-inspire-index-polygon-data	http://data.inspire.landregistry.gov.uk/Gloucester.zip
gosport	Gosport	https://www.gov.uk/government/publications/gosport-inspire-index-polygon-data	http://data.inspire.landregistry.gov.uk/Gosport.zip
gravesham	Gravesham	https://www.gov.uk/government/publications/gravesham-inspire-index-polygon-data	http://data.inspire.landregistry.gov.uk/Gravesham.zip
great-yarmouth	Great Yarmouth	https://www.gov.uk/government/publications/great-yarmouth-inspire-index-polygon-data	http://data.inspire.landregistry.gov.uk/Great_Yarmouth.zip
greenwich	Greenwich	https://www.gov.uk/government/publications/greenwich-inspire-index-polygon-data	http://data.inspire.landregistry.gov.uk/Greenwich.zip
guildford	Guildford	https://www.gov.uk/government/publications/guildford-inspire-index-polygon-data	http://data.inspire.landregistry.gov.uk/Guildford.zip
gwynedd-gwynedd	Gwynedd - Gwynedd	https://www.gov.uk/government/publications/gwynedd-gwynedd-inspire-index-polygon-data	http://data.inspire.landregistry.gov.uk/Gwynedd_-_Gwynedd.zip
hackney	Hackney	https://www.gov.uk/government/publications/hackney-inspire-index-polygon-data	http://data.inspire.landregistry.gov.uk/Hackney.zip
halton	Halton	https://www.gov.uk/government/publications/halton-inspire-index-polygon-data	http://data.inspire.landregistry.gov.uk/Halton.zip
hambleton	Hambleton	https://www.gov.uk/government/publications/hambleton-inspire-index-polygon-data	http://data.inspire.landregistry.gov.uk/Hambleton.zip
hammersmith-and-fulham	Hammersmith and Fulham	https://www.gov.uk/government/publications/hammersmith-and-fulham-inspire-index-polygon-data	http://data.inspire.landregistry.gov.uk/Hammersmith_and_Fulham.zip
harborough	Harborough	https://www.gov.uk/government/publications/harborough-inspire-index-polygon-data	http://data.inspire.landregistry.gov.uk/Harborough.zip
haringey	Haringey	https://www.gov.uk/government/publications/haringey-inspire-index-polygon-data	http://data.inspire.landregistry.gov.uk/Haringey.zip
harlow	Harlow	https://www.gov.uk/government/publications/harlow-inspire-index-polygon-data	http://data.inspire.landregistry.gov.uk/Harlow.zip
hartlepool	Hartlepool	https://www.gov.uk/government/publications/hartlepool-inspire-index-polygon-data	http://data.inspire.landregistry.gov.uk/Hartlepool.zip
harrogate	Harrogate	https://www.gov.uk/government/publications/harrogate-inspire-index-polygon-data	http://data.inspire.landregistry.gov.uk/Harrogate.zip
harrow	Harrow	https://www.gov.uk/government/publications/harrow-inspire-index-polygon-data	http://data.inspire.landregistry.gov.uk/Harrow.zip
hart	Hart	https://www.gov.uk/government/publications/hart-inspire-index-polygon-data	http://data.inspire.landregistry.gov.uk/Hart.zip
hastings	Hastings	https://www.gov.uk/government/publications/hastings-inspire-index-polygon-data	http://data.inspire.landregistry.gov.uk/Hastings.zip
havant	Havant	https://www.gov.uk/government/publications/havant-inspire-index-polygon-data	http://data.inspire.landregistry.gov.uk/Havant.zip
havering	Havering	https://www.gov.uk/government/publications/havering-inspire-index-polygon-data	http://data.inspire.landregistry.gov.uk/Havering.zip
hertsmere	Hertsmere	https://www.gov.uk/government/publications/hertsmere-inspire-index-polygon-data	http://data.inspire.landregistry.gov.uk/Hertsmere.zip
high-peak	High Peak	https://www.gov.uk/government/publications/high-peak-inspire-index-polygon-data	http://data.inspire.landregistry.gov.uk/High_Peak.zip
hillingdon	Hillingdon	https://www.gov.uk/government/publications/hillingdon-inspire-index-polygon-data	http://data.inspire.landregistry.gov.uk/Hillingdon.zip
hinckley-and-bosworth	Hinckley and Bosworth	https://www.gov.uk/government/publications/hinckley-and-bosworth-inspire-index-polygon-data	http://data.inspire.landregistry.gov.uk/Hinckley_and_Bosworth.zip
horsham	Horsham	https://www.gov.uk/government/publications/horsham-inspire-index-polygon-data	http://data.inspire.landregistry.gov.uk/Horsham.zip
hounslow	Hounslow	https://www.gov.uk/government/publications/hounslow-inspire-index-polygon-data	http://data.inspire.landregistry.gov.uk/Hounslow.zip
huntingdonshire	Huntingdonshire	https://www.gov.uk/government/publications/huntingdonshire-inspire-index-polygon-data	http://data.inspire.landregistry.gov.uk/Huntingdonshire.zip
hyndburn	Hyndburn	https://www.gov.uk/government/publications/hyndburn-inspire-index-polygon-data	http://data.inspire.landregistry.gov.uk/Hyndburn.zip
ipswich	Ipswich	https://www.gov.uk/government/publications/ipswich-inspire-index-polygon-data	http://data.inspire.landregistry.gov.uk/Ipswich.zip
isle-of-wight	Isle of Wight	https://www.gov.uk/government/publications/isle-of-wight-inspire-index-polygon-data	http://data.inspire.landregistry.gov.uk/Isle_of_Wight.zip
isles-of-scilly	Isles of Scilly	https://www.gov.uk/government/publications/isles-of-scilly-inspire-index-polygon-data	http://data.inspire.landregistry.gov.uk/Isles_of_Scilly.zip
islington	Islington	https://www.gov.uk/government/publications/islington-inspire-index-polygon-data	http://data.inspire.landregistry.gov.uk/Islington.zip
kensington-and-chelsea	Kensington and Chelsea	https://www.gov.uk/government/publications/kensington-and-chelsea-inspire-index-polygon-data	http://data.inspire.landregistry.gov.uk/Kensington_and_Chelsea.zip
kettering	Kettering	https://www.gov.uk/government/publications/kettering-inspire-index-polygon-data	http://data.inspire.landregistry.gov.uk/Kettering.zip
kings-lynn-and-west-norfolk	Kings Lynn and West Norfolk	https://www.gov.uk/government/publications/kings-lynn-and-west-norfolk-inspire-index-polygon-data	http://data.inspire.landregistry.gov.uk/Kings_Lynn_and_West_Norfolk.zip
kingston-upon-thames	Kingston upon Thames	https://www.gov.uk/government/publications/kingston-upon-thames-inspire-index-polygon-data	http://data.inspire.landregistry.gov.uk/Kingston_upon_Thames.zip
kirklees	Kirklees	https://www.gov.uk/government/publications/kirklees-inspire-index-polygon-data	http://data.inspire.landregistry.gov.uk/Kirklees.zip
knowsley	Knowsley	https://www.gov.uk/government/publications/knowsley-inspire-index-polygon-data	http://data.inspire.landregistry.gov.uk/Knowsley.zip
lambeth	Lambeth	https://www.gov.uk/government/publications/lambeth-inspire-index-polygon-data	http://data.inspire.landregistry.gov.uk/Lambeth.zip
lancaster	Lancaster	https://www.gov.uk/government/publications/lancaster-inspire-index-polygon-data	http://data.inspire.landregistry.gov.uk/Lancaster.zip
leeds	Leeds	https://www.gov.uk/government/publications/leeds-inspire-index-polygon-data	http://data.inspire.landregistry.gov.uk/Leeds.zip
lewes	Lewes	https://www.gov.uk/government/publications/lewes-inspire-index-polygon-data	http://data.inspire.landregistry.gov.uk/Lewes.zip
lewisham	Lewisham	https://www.gov.uk/government/publications/lewisham-inspire-index-polygon-data	http://data.inspire.landregistry.gov.uk/Lewisham.zip
lichfield	Lichfield	https://www.gov.uk/government/publications/lichfield-inspire-index-polygon-data	http://data.inspire.landregistry.gov.uk/Lichfield.zip
lincoln	Lincoln	https://www.gov.uk/government/publications/lincoln-inspire-index-polygon-data	http://data.inspire.landregistry.gov.uk/Lincoln.zip
liverpool	Liverpool	https://www.gov.uk/government/publications/liverpool-inspire-index-polygon-data	http://data.inspire.landregistry.gov.uk/Liverpool.zip
luton	Luton	https://www.gov.uk/government/publications/luton-inspire-index-polygon-data	http://data.inspire.landregistry.gov.uk/Luton.zip
maidstone	Maidstone	https://www.gov.uk/government/publications/maidstone-inspire-index-polygon-data	http://data.inspire.landregistry.gov.uk/Maidstone.zip
maldon	Maldon	https://www.gov.uk/government/publications/maldon-inspire-index-polygon-data	http://data.inspire.landregistry.gov.uk/Maldon.zip
malvern-hills	Malvern Hills	https://www.gov.uk/government/publications/malvern-hills-inspire-index-polygon-data	http://data.inspire.landregistry.gov.uk/Malvern_Hills.zip
manchester	Manchester	https://www.gov.uk/government/publications/manchester-inspire-index-polygon-data	http://data.inspire.landregistry.gov.uk/Manchester.zip
mansfield	Mansfield	https://www.gov.uk/government/publications/mansfield-inspire-index-polygon-data	http://data.inspire.landregistry.gov.uk/Mansfield.zip
medway	Medway	https://www.gov.uk/government/publications/medway-inspire-index-polygon-data	http://data.inspire.landregistry.gov.uk/Medway.zip
melton	Melton	https://www.gov.uk/government/publications/melton-inspire-index-polygon-data	http://data.inspire.landregistry.gov.uk/Melton.zip
mendip	Mendip	https://www.gov.uk/government/publications/mendip-inspire-index-polygon-data	http://data.inspire.landregistry.gov.uk/Mendip.zip
merthyr-tudful-merthyr-tydfil	Merthyr Tudful - Merthyr Tydfil	https://www.gov.uk/government/publications/merthyr-tudful-merthyr-tydfil-inspire-index-polygon-data	http://data.inspire.landregistry.gov.uk/Merthyr_Tudful_-_Merthyr_Tydfil.zip
merton	Merton	https://www.gov.uk/government/publications/merton-inspire-index-polygon-data	http://data.inspire.landregistry.gov.uk/Merton.zip
mid-devon	Mid Devon	https://www.gov.uk/government/publications/mid-devon-inspire-index-polygon-data	http://data.inspire.landregistry.gov.uk/Mid_Devon.zip
mid-suffolk	Mid Suffolk	https://www.gov.uk/government/publications/mid-suffolk-inspire-index-polygon-data	http://data.inspire.landregistry.gov.uk/Mid_Suffolk.zip
mid-sussex	Mid Sussex	https://www.gov.uk/government/publications/mid-sussex-inspire-index-polygon-data	http://data.inspire.landregistry.gov.uk/Mid_Sussex.zip
middlesbrough	Middlesbrough	https://www.gov.uk/government/publications/middlesbrough-inspire-index-polygon-data	http://data.inspire.landregistry.gov.uk/Middlesbrough.zip
milton-keynes	Milton Keynes	https://www.gov.uk/government/publications/milton-keynes-inspire-index-polygon-data	http://data.inspire.landregistry.gov.uk/Milton_Keynes.zip
mole-valley	Mole Valley	https://www.gov.uk/government/publications/mole-valley-inspire-index-polygon-data	http://data.inspire.landregistry.gov.uk/Mole_Valley.zip
new-forest	New Forest	https://www.gov.uk/government/publications/new-forest-inspire-index-polygon-data	http://data.inspire.landregistry.gov.uk/New_Forest.zip
newark-and-sherwood	Newark and Sherwood	https://www.gov.uk/government/publications/newark-and-sherwood-inspire-index-polygon-data	http://data.inspire.landregistry.gov.uk/Newark_and_Sherwood.zip
newcastle-under-lyme	Newcastle-under-Lyme	https://www.gov.uk/government/publications/newcastle-under-lyme-inspire-index-polygon-data	http://data.inspire.landregistry.gov.uk/Newcastle-under-Lyme.zip
newcastle-upon-tyne	Newcastle upon Tyne	https://www.gov.uk/government/publications/newcastle-upon-tyne-inspire-index-polygon-data	http://data.inspire.landregistry.gov.uk/Newcastle_upon_Tyne.zip
newham	Newham	https://www.gov.uk/government/publications/newham-inspire-index-polygon-data	http://data.inspire.landregistry.gov.uk/Newham.zip
north-devon	North Devon	https://www.gov.uk/government/publications/north-devon-inspire-index-polygon-data	http://data.inspire.landregistry.gov.uk/North_Devon.zip
north-dorset	North Dorset	https://www.gov.uk/government/publications/north-dorset-inspire-index-polygon-data	http://data.inspire.landregistry.gov.uk/North_Dorset.zip
north-east-derbyshire	North East Derbyshire	https://www.gov.uk/government/publications/north-east-derbyshire-inspire-index-polygon-data	http://data.inspire.landregistry.gov.uk/North_East_Derbyshire.zip
north-east-lincolnshire	North East Lincolnshire	https://www.gov.uk/government/publications/north-east-lincolnshire-inspire-index-polygon-data	http://data.inspire.landregistry.gov.uk/North_East_Lincolnshire.zip
north-hertfordshire	North Hertfordshire	https://www.gov.uk/government/publications/north-hertfordshire-inspire-index-polygon-data	http://data.inspire.landregistry.gov.uk/North_Hertfordshire.zip
north-kesteven	North Kesteven	https://www.gov.uk/government/publications/north-kesteven-inspire-index-polygon-data	http://data.inspire.landregistry.gov.uk/North_Kesteven.zip
north-lincolnshire	North Lincolnshire	https://www.gov.uk/government/publications/north-lincolnshire-inspire-index-polygon-data	http://data.inspire.landregistry.gov.uk/North_Lincolnshire.zip
north-norfolk	North Norfolk	https://www.gov.uk/government/publications/north-norfolk-inspire-index-polygon-data	http://data.inspire.landregistry.gov.uk/North_Norfolk.zip
north-somerset	North Somerset	https://www.gov.uk/government/publications/north-somerset-inspire-index-polygon-data	http://data.inspire.landregistry.gov.uk/North_Somerset.zip
north-tyneside	North Tyneside	https://www.gov.uk/government/publications/north-tyneside-inspire-index-polygon-data	http://data.inspire.landregistry.gov.uk/North_Tyneside.zip
north-warwickshire	North Warwickshire	https://www.gov.uk/government/publications/north-warwickshire-inspire-index-polygon-data	http://data.inspire.landregistry.gov.uk/North_Warwickshire.zip
north-west-leicestershire	North West Leicestershire	https://www.gov.uk/government/publications/north-west-leicestershire-inspire-index-polygon-data	http://data.inspire.landregistry.gov.uk/North_West_Leicestershire.zip
northampton	Northampton	https://www.gov.uk/government/publications/northampton-inspire-index-polygon-data	http://data.inspire.landregistry.gov.uk/Northampton.zip
northumberland	Northumberland	https://www.gov.uk/government/publications/northumberland-inspire-index-polygon-data	http://data.inspire.landregistry.gov.uk/Northumberland.zip
norwich	Norwich	https://www.gov.uk/government/publications/norwich-inspire-index-polygon-data	http://data.inspire.landregistry.gov.uk/Norwich.zip
nuneaton-and-bedworth	Nuneaton and Bedworth	https://www.gov.uk/government/publications/nuneaton-and-bedworth-inspire-index-polygon-data	http://data.inspire.landregistry.gov.uk/Nuneaton_and_Bedworth.zip
oadby-and-wigston	Oadby and Wigston	https://www.gov.uk/government/publications/oadby-and-wigston-inspire-index-polygon-data	http://data.inspire.landregistry.gov.uk/Oadby_and_Wigston.zip
oldham	Oldham	https://www.gov.uk/government/publications/oldham-inspire-index-polygon-data	http://data.inspire.landregistry.gov.uk/Oldham.zip
oxford	Oxford	https://www.gov.uk/government/publications/oxford-inspire-index-polygon-data	http://data.inspire.landregistry.gov.uk/Oxford.zip
pendle	Pendle	https://www.gov.uk/government/publications/pendle-inspire-index-polygon-data	http://data.inspire.landregistry.gov.uk/Pendle.zip
pen-y-bont-ar-ogwr-bridgend	Pen-y-bont ar Ogwr - Bridgend	https://www.gov.uk/government/publications/pen-y-bont-ar-ogwr-bridgend-inspire-index-polygon-data	http://data.inspire.landregistry.gov.uk/Pen-y-bont_ar_Ogwr_-_Bridgend.zip
preston	Preston	https://www.gov.uk/government/publications/preston-inspire-index-polygon-data	http://data.inspire.landregistry.gov.uk/Preston.zip
poole	Poole	https://www.gov.uk/government/publications/poole-inspire-index-polygon-data	http://data.inspire.landregistry.gov.uk/Poole.zip
powys-powys	Powys - Powys	https://www.gov.uk/government/publications/powys-powys-inspire-index-polygon-data	http://data.inspire.landregistry.gov.uk/Powys_-_Powys.zip
purbeck	Purbeck	https://www.gov.uk/government/publications/purbeck-inspire-index-polygon-data	http://data.inspire.landregistry.gov.uk/Purbeck.zip
reading	Reading	https://www.gov.uk/government/publications/reading-inspire-index-polygon-data	http://data.inspire.landregistry.gov.uk/Reading.zip
redbridge	Redbridge	https://www.gov.uk/government/publications/redbridge-inspire-index-polygon-data	http://data.inspire.landregistry.gov.uk/Redbridge.zip
redcar-and-cleveland	Redcar and Cleveland	https://www.gov.uk/government/publications/redcar-and-cleveland-inspire-index-polygon-data	http://data.inspire.landregistry.gov.uk/Redcar_and_Cleveland.zip
redditch	Redditch	https://www.gov.uk/government/publications/redditch-inspire-index-polygon-data	http://data.inspire.landregistry.gov.uk/Redditch.zip
reigate-and-banstead	Reigate and Banstead	https://www.gov.uk/government/publications/reigate-and-banstead-inspire-index-polygon-data	http://data.inspire.landregistry.gov.uk/Reigate_and_Banstead.zip
rhondda-cynon-taf-rhondda-cynon-taf	Rhondda Cynon Taf - Rhondda Cynon Taf	https://www.gov.uk/government/publications/rhondda-cynon-taf-rhondda-cynon-taf-inspire-index-polygon-data	http://data.inspire.landregistry.gov.uk/Rhondda_Cynon_Taf_-_Rhondda_Cynon_Taf.zip
ribble-valley	Ribble Valley	https://www.gov.uk/government/publications/ribble-valley-inspire-index-polygon-data	http://data.inspire.landregistry.gov.uk/Ribble_Valley.zip
richmond-upon-thames	Richmond upon Thames	https://www.gov.uk/government/publications/richmond-upon-thames-inspire-index-polygon-data	http://data.inspire.landregistry.gov.uk/Richmond_upon_Thames.zip
richmondshire	Richmondshire	https://www.gov.uk/government/publications/richmondshire-inspire-index-polygon-data	http://data.inspire.landregistry.gov.uk/Richmondshire.zip
rochdale	Rochdale	https://www.gov.uk/government/publications/rochdale-inspire-index-polygon-data	http://data.inspire.landregistry.gov.uk/Rochdale.zip
rochford	Rochford	https://www.gov.uk/government/publications/rochford-inspire-index-polygon-data	http://data.inspire.landregistry.gov.uk/Rochford.zip
rossendale	Rossendale	https://www.gov.uk/government/publications/rossendale-inspire-index-polygon-data	http://data.inspire.landregistry.gov.uk/Rossendale.zip
rother	Rother	https://www.gov.uk/government/publications/rother-inspire-index-polygon-data	http://data.inspire.landregistry.gov.uk/Rother.zip
rotherham	Rotherham	https://www.gov.uk/government/publications/rotherham-inspire-index-polygon-data	http://data.inspire.landregistry.gov.uk/Rotherham.zip
rugby	Rugby	https://www.gov.uk/government/publications/rugby-inspire-index-polygon-data	http://data.inspire.landregistry.gov.uk/Rugby.zip
runnymede	Runnymede	https://www.gov.uk/government/publications/runnymede-inspire-index-polygon-data	http://data.inspire.landregistry.gov.uk/Runnymede.zip
rushcliffe	Rushcliffe	https://www.gov.uk/government/publications/rushcliffe-inspire-index-polygon-data	http://data.inspire.landregistry.gov.uk/Rushcliffe.zip
rushmoor	Rushmoor	https://www.gov.uk/government/publications/rushmoor-inspire-index-polygon-data	http://data.inspire.landregistry.gov.uk/Rushmoor.zip
rutland	Rutland	https://www.gov.uk/government/publications/rutland-inspire-index-polygon-data	http://data.inspire.landregistry.gov.uk/Rutland.zip
ryedale	Ryedale	https://www.gov.uk/government/publications/ryedale-inspire-index-polygon-data	http://data.inspire.landregistry.gov.uk/Ryedale.zip
salford	Salford	https://www.gov.uk/government/publications/salford-inspire-index-polygon-data	http://data.inspire.landregistry.gov.uk/Salford.zip
sandwell	Sandwell	https://www.gov.uk/government/publications/sandwell-inspire-index-polygon-data	http://data.inspire.landregistry.gov.uk/Sandwell.zip
scarborough	Scarborough	https://www.gov.uk/government/publications/scarborough-inspire-index-polygon-data	http://data.inspire.landregistry.gov.uk/Scarborough.zip
sedgemoor	Sedgemoor	https://www.gov.uk/government/publications/sedgemoor-inspire-index-polygon-data	http://data.inspire.landregistry.gov.uk/Sedgemoor.zip
sefton	Sefton	https://www.gov.uk/government/publications/sefton-inspire-index-polygon-data	http://data.inspire.landregistry.gov.uk/Sefton.zip
selby	Selby	https://www.gov.uk/government/publications/selby-inspire-index-polygon-data	http://data.inspire.landregistry.gov.uk/Selby.zip
sevenoaks	Sevenoaks	https://www.gov.uk/government/publications/sevenoaks-inspire-index-polygon-data	http://data.inspire.landregistry.gov.uk/Sevenoaks.zip
sheffield	Sheffield	https://www.gov.uk/government/publications/sheffield-inspire-index-polygon-data	http://data.inspire.landregistry.gov.uk/Sheffield.zip
shepway	Shepway	https://www.gov.uk/government/publications/shepway-inspire-index-polygon-data	http://data.inspire.landregistry.gov.uk/Shepway.zip
shropshire	Shropshire	https://www.gov.uk/government/publications/shropshire-inspire-index-polygon-data	http://data.inspire.landregistry.gov.uk/Shropshire.zip
sir-benfro-pembrokeshire	Sir Benfro - Pembrokeshire	https://www.gov.uk/government/publications/sir-benfro-pembrokeshire-inspire-index-polygon-data	http://data.inspire.landregistry.gov.uk/Sir_Benfro_-_Pembrokeshire.zip
sir-ceredigion-ceredigion	Sir Ceredigion - Ceredigion	https://www.gov.uk/government/publications/sir-ceredigion-ceredigion-inspire-index-polygon-data	http://data.inspire.landregistry.gov.uk/Sir_Ceredigion_-_Ceredigion.zip
sir-ddinbych-denbighshire	Sir Ddinbych - Denbighshire	https://www.gov.uk/government/publications/sir-ddinbych-denbighshire-inspire-index-polygon-data	http://data.inspire.landregistry.gov.uk/Sir_Ddinbych_-_Denbighshire.zip
sir-fynwy-monmouthshire	Sir Fynwy - Monmouthshire	https://www.gov.uk/government/publications/sir-fynwy-monmouthshire-inspire-index-polygon-data	http://data.inspire.landregistry.gov.uk/Sir_Fynwy_-_Monmouthshire.zip
sir-gaerfyrddin-carmarthenshire	Sir Gaerfyrddin - Carmarthenshire	https://www.gov.uk/government/publications/sir-gaerfyrddin-carmarthenshire-inspire-index-polygon-data	http://data.inspire.landregistry.gov.uk/Sir_Gaerfyrddin_-_Carmarthenshire.zip
sir-y-fflint-flintshire	Sir y Fflint - Flintshire	https://www.gov.uk/government/publications/sir-y-fflint-flintshire-inspire-index-polygon-data	http://data.inspire.landregistry.gov.uk/Sir_y_Fflint_-_Flintshire.zip
sir-ynys-mon-isle-of-anglesey	Sir Ynys Mon - Isle of Anglesey	https://www.gov.uk/government/publications/sir-ynys-mon-isle-of-anglesey-inspire-index-polygon-data	http://data.inspire.landregistry.gov.uk/Sir_Ynys_Mon_-_Isle_of_Anglesey.zip
slough	Slough	https://www.gov.uk/government/publications/slough-inspire-index-polygon-data	http://data.inspire.landregistry.gov.uk/Slough.zip
solihull	Solihull	https://www.gov.uk/government/publications/solihull-inspire-index-polygon-data	http://data.inspire.landregistry.gov.uk/Solihull.zip
south-bucks	South Bucks	https://www.gov.uk/government/publications/south-bucks-inspire-index-polygon-data	http://data.inspire.landregistry.gov.uk/South_Bucks.zip
south-cambridgeshire	South Cambridgeshire	https://www.gov.uk/government/publications/south-cambridgeshire-inspire-index-polygon-data	http://data.inspire.landregistry.gov.uk/South_Cambridgeshire.zip
south-derbyshire	South Derbyshire	https://www.gov.uk/government/publications/south-derbyshire-inspire-index-polygon-data	http://data.inspire.landregistry.gov.uk/South_Derbyshire.zip
south-gloucestershire	South Gloucestershire	https://www.gov.uk/government/publications/south-gloucestershire-inspire-index-polygon-data	http://data.inspire.landregistry.gov.uk/South_Gloucestershire.zip
south-hams	South Hams	https://www.gov.uk/government/publications/south-hams-inspire-index-polygon-data	http://data.inspire.landregistry.gov.uk/South_Hams.zip
south-holland	South Holland	https://www.gov.uk/government/publications/south-holland-inspire-index-polygon-data	http://data.inspire.landregistry.gov.uk/South_Holland.zip
south-kesteven	South Kesteven	https://www.gov.uk/government/publications/south-kesteven-inspire-index-polygon-data	http://data.inspire.landregistry.gov.uk/South_Kesteven.zip
south-lakeland	South Lakeland	https://www.gov.uk/government/publications/south-lakeland-inspire-index-polygon-data	http://data.inspire.landregistry.gov.uk/South_Lakeland.zip
south-norfolk	South Norfolk	https://www.gov.uk/government/publications/south-norfolk-inspire-index-polygon-data	http://data.inspire.landregistry.gov.uk/South_Norfolk.zip
south-northamptonshire	South Northamptonshire	https://www.gov.uk/government/publications/south-northamptonshire-inspire-index-polygon-data	http://data.inspire.landregistry.gov.uk/South_Northamptonshire.zip
south-oxfordshire	South Oxfordshire	https://www.gov.uk/government/publications/south-oxfordshire-inspire-index-polygon-data	http://data.inspire.landregistry.gov.uk/South_Oxfordshire.zip
south-ribble	South Ribble	https://www.gov.uk/government/publications/south-ribble-inspire-index-polygon-data	http://data.inspire.landregistry.gov.uk/South_Ribble.zip
south-somerset	South Somerset	https://www.gov.uk/government/publications/south-somerset-inspire-index-polygon-data	http://data.inspire.landregistry.gov.uk/South_Somerset.zip
south-staffordshire	South Staffordshire	https://www.gov.uk/government/publications/south-staffordshire-inspire-index-polygon-data	http://data.inspire.landregistry.gov.uk/South_Staffordshire.zip
south-tyneside-district	South Tyneside District	https://www.gov.uk/government/publications/south-tyneside-district-inspire-index-polygon-data	http://data.inspire.landregistry.gov.uk/South_Tyneside_District.zip
southend-on-sea	Southend-on-Sea	https://www.gov.uk/government/publications/southend-on-sea-inspire-index-polygon-data	http://data.inspire.landregistry.gov.uk/Southend-on-Sea.zip
southwark	Southwark	https://www.gov.uk/government/publications/southwark-inspire-index-polygon-data	http://data.inspire.landregistry.gov.uk/Southwark.zip
spelthorne	Spelthorne	https://www.gov.uk/government/publications/spelthorne-inspire-index-polygon-data	http://data.inspire.landregistry.gov.uk/Spelthorne.zip
st-albans	St. Albans	https://www.gov.uk/government/publications/st-albans-inspire-index-polygon-data	http://data.inspire.landregistry.gov.uk/St._Albans.zip
st-edmundsbury	St. Edmundsbury	https://www.gov.uk/government/publications/st-edmundsbury-inspire-index-polygon-data	http://data.inspire.landregistry.gov.uk/St._Edmundsbury.zip
st-helens	St. Helens	https://www.gov.uk/government/publications/st-helens-inspire-index-polygon-data	http://data.inspire.landregistry.gov.uk/St._Helens.zip
stafford	Stafford	https://www.gov.uk/government/publications/stafford-inspire-index-polygon-data	http://data.inspire.landregistry.gov.uk/Stafford.zip
staffordshire-moorlands	Staffordshire Moorlands	https://www.gov.uk/government/publications/staffordshire-moorlands-inspire-index-polygon-data	http://data.inspire.landregistry.gov.uk/Staffordshire_Moorlands.zip
stevenage	Stevenage	https://www.gov.uk/government/publications/stevenage-inspire-index-polygon-data	http://data.inspire.landregistry.gov.uk/Stevenage.zip
stockport	Stockport	https://www.gov.uk/government/publications/stockport-inspire-index-polygon-data	http://data.inspire.landregistry.gov.uk/Stockport.zip
stockton-on-tees	Stockton-on-Tees	https://www.gov.uk/government/publications/stockton-on-tees-inspire-index-polygon-data	http://data.inspire.landregistry.gov.uk/Stockton-on-Tees.zip
stratford-on-avon	Stratford-on-Avon	https://www.gov.uk/government/publications/stratford-on-avon-inspire-index-polygon-data	http://data.inspire.landregistry.gov.uk/Stratford-on-Avon.zip
stroud	Stroud	https://www.gov.uk/government/publications/stroud-inspire-index-polygon-data	http://data.inspire.landregistry.gov.uk/Stroud.zip
suffolk-coastal	Suffolk Coastal	https://www.gov.uk/government/publications/suffolk-coastal-inspire-index-polygon-data	http://data.inspire.landregistry.gov.uk/Suffolk_Coastal.zip
sunderland	Sunderland	https://www.gov.uk/government/publications/sunderland-inspire-index-polygon-data	http://data.inspire.landregistry.gov.uk/Sunderland.zip
surrey-heath	Surrey Heath	https://www.gov.uk/government/publications/surrey-heath-inspire-index-polygon-data	http://data.inspire.landregistry.gov.uk/Surrey_Heath.zip
sutton	Sutton	https://www.gov.uk/government/publications/sutton-inspire-index-polygon-data	http://data.inspire.landregistry.gov.uk/Sutton.zip
swale	Swale	https://www.gov.uk/government/publications/swale-inspire-index-polygon-data	http://data.inspire.landregistry.gov.uk/Swale.zip
swindon	Swindon	https://www.gov.uk/government/publications/swindon-inspire-index-polygon-data	http://data.inspire.landregistry.gov.uk/Swindon.zip
tameside	Tameside	https://www.gov.uk/government/publications/tameside-inspire-index-polygon-data	http://data.inspire.landregistry.gov.uk/Tameside.zip
tamworth	Tamworth	https://www.gov.uk/government/publications/tamworth-inspire-index-polygon-data	http://data.inspire.landregistry.gov.uk/Tamworth.zip
tandridge	Tandridge	https://www.gov.uk/government/publications/tandridge-inspire-index-polygon-data	http://data.inspire.landregistry.gov.uk/Tandridge.zip
taunton-deane	Taunton Deane	https://www.gov.uk/government/publications/taunton-deane-inspire-index-polygon-data	http://data.inspire.landregistry.gov.uk/Taunton_Deane.zip
teignbridge	Teignbridge	https://www.gov.uk/government/publications/teignbridge-inspire-index-polygon-data	http://data.inspire.landregistry.gov.uk/Teignbridge.zip
telford-and-wrekin	Telford and Wrekin	https://www.gov.uk/government/publications/telford-and-wrekin-inspire-index-polygon-data	http://data.inspire.landregistry.gov.uk/Telford_and_Wrekin.zip
tendring	Tendring	https://www.gov.uk/government/publications/tendring-inspire-index-polygon-data	http://data.inspire.landregistry.gov.uk/Tendring.zip
test-valley	Test Valley	https://www.gov.uk/government/publications/test-valley-inspire-index-polygon-data	http://data.inspire.landregistry.gov.uk/Test_Valley.zip
tewkesbury	Tewkesbury	https://www.gov.uk/government/publications/tewkesbury-inspire-index-polygon-data	http://data.inspire.landregistry.gov.uk/Tewkesbury.zip
thanet	Thanet	https://www.gov.uk/government/publications/thanet-inspire-index-polygon-data	http://data.inspire.landregistry.gov.uk/Thanet.zip
the-city-of-brighton-and-hove	The City of Brighton and Hove	https://www.gov.uk/government/publications/the-city-of-brighton-and-hove-inspire-index-polygon-data	http://data.inspire.landregistry.gov.uk/The_City_of_Brighton_and_Hove.zip
three-rivers	Three Rivers	https://www.gov.uk/government/publications/three-rivers-inspire-index-polygon-data	http://data.inspire.landregistry.gov.uk/Three_Rivers.zip
thurrock	Thurrock	https://www.gov.uk/government/publications/thurrock-inspire-index-polygon-data	http://data.inspire.landregistry.gov.uk/Thurrock.zip
tonbridge-and-malling	Tonbridge and Malling	https://www.gov.uk/government/publications/tonbridge-and-malling-inspire-index-polygon-data	http://data.inspire.landregistry.gov.uk/Tonbridge_and_Malling.zip
tor-faen-torfaen	Tor-faen - Torfaen	https://www.gov.uk/government/publications/tor-faen-torfaen-inspire-index-polygon-data	http://data.inspire.landregistry.gov.uk/Tor-faen_-_Torfaen.zip
torbay	Torbay	https://www.gov.uk/government/publications/torbay-inspire-index-polygon-data	http://data.inspire.landregistry.gov.uk/Torbay.zip
torridge	Torridge	https://www.gov.uk/government/publications/torridge-inspire-index-polygon-data	http://data.inspire.landregistry.gov.uk/Torridge.zip
tower-hamlets	Tower Hamlets	https://www.gov.uk/government/publications/tower-hamlets-inspire-index-polygon-data	http://data.inspire.landregistry.gov.uk/Tower_Hamlets.zip
trafford	Trafford	https://www.gov.uk/government/publications/trafford-inspire-index-polygon-data	http://data.inspire.landregistry.gov.uk/Trafford.zip
tunbridge-wells	Tunbridge Wells	https://www.gov.uk/government/publications/tunbridge-wells-inspire-index-polygon-data	http://data.inspire.landregistry.gov.uk/Tunbridge_Wells.zip
uttlesford	Uttlesford	https://www.gov.uk/government/publications/uttlesford-inspire-index-polygon-data	http://data.inspire.landregistry.gov.uk/Uttlesford.zip
vale-of-glamorgan	Vale of Glamorgan	https://www.gov.uk/government/publications/vale-of-glamorgan-inspire-index-polygon-data	http://data.inspire.landregistry.gov.uk/Vale_of_Glamorgan.zip
vale-of-white-horse	Vale of White Horse	https://www.gov.uk/government/publications/vale-of-white-horse-inspire-index-polygon-data	http://data.inspire.landregistry.gov.uk/Vale_of_White_Horse.zip
wakefield	Wakefield	https://www.gov.uk/government/publications/wakefield-inspire-index-polygon-data	http://data.inspire.landregistry.gov.uk/Wakefield.zip
walsall	Walsall	https://www.gov.uk/government/publications/walsall-inspire-index-polygon-data	http://data.inspire.landregistry.gov.uk/Walsall.zip
waltham-forest	Waltham Forest	https://www.gov.uk/government/publications/waltham-forest-inspire-index-polygon-data	http://data.inspire.landregistry.gov.uk/Waltham_Forest.zip
wandsworth	Wandsworth	https://www.gov.uk/government/publications/wandsworth-inspire-index-polygon-data	http://data.inspire.landregistry.gov.uk/Wandsworth.zip
warrington	Warrington	https://www.gov.uk/government/publications/warrington-inspire-index-polygon-data	http://data.inspire.landregistry.gov.uk/Warrington.zip
warwick	Warwick	https://www.gov.uk/government/publications/warwick-inspire-index-polygon-data	http://data.inspire.landregistry.gov.uk/Warwick.zip
watford	Watford	https://www.gov.uk/government/publications/watford-inspire-index-polygon-data	http://data.inspire.landregistry.gov.uk/Watford.zip
waveney	Waveney	https://www.gov.uk/government/publications/waveney-inspire-index-polygon-data	http://data.inspire.landregistry.gov.uk/Waveney.zip
waverley	Waverley	https://www.gov.uk/government/publications/waverley-inspire-index-polygon-data	http://data.inspire.landregistry.gov.uk/Waverley.zip
wealden	Wealden	https://www.gov.uk/government/publications/wealden-inspire-index-polygon-data	http://data.inspire.landregistry.gov.uk/Wealden.zip
wellingborough	Wellingborough	https://www.gov.uk/government/publications/wellingborough-inspire-index-polygon-data	http://data.inspire.landregistry.gov.uk/Wellingborough.zip
welwyn-hatfield	Welwyn Hatfield	https://www.gov.uk/government/publications/welwyn-hatfield-inspire-index-polygon-data	http://data.inspire.landregistry.gov.uk/Welwyn_Hatfield.zip
west-berkshire	West Berkshire	https://www.gov.uk/government/publications/west-berkshire-inspire-index-polygon-data	http://data.inspire.landregistry.gov.uk/West_Berkshire.zip
west-devon	West Devon	https://www.gov.uk/government/publications/west-devon-inspire-index-polygon-data	http://data.inspire.landregistry.gov.uk/West_Devon.zip
west-dorset	West Dorset	https://www.gov.uk/government/publications/west-dorset-inspire-index-polygon-data	http://data.inspire.landregistry.gov.uk/West_Dorset.zip
west-lancashire	West Lancashire	https://www.gov.uk/government/publications/west-lancashire-inspire-index-polygon-data	http://data.inspire.landregistry.gov.uk/West_Lancashire.zip
west-lindsey	West Lindsey	https://www.gov.uk/government/publications/west-lindsey-inspire-index-polygon-data	http://data.inspire.landregistry.gov.uk/West_Lindsey.zip
west-oxfordshire	West Oxfordshire	https://www.gov.uk/government/publications/west-oxfordshire-inspire-index-polygon-data	http://data.inspire.landregistry.gov.uk/West_Oxfordshire.zip
west-somerset	West Somerset	https://www.gov.uk/government/publications/west-somerset-inspire-index-polygon-data	http://data.inspire.landregistry.gov.uk/West_Somerset.zip
weymouth-and-portland	Weymouth and Portland	https://www.gov.uk/government/publications/weymouth-and-portland-inspire-index-polygon-data	http://data.inspire.landregistry.gov.uk/Weymouth_and_Portland.zip
wigan	Wigan	https://www.gov.uk/government/publications/wigan-inspire-index-polygon-data	http://data.inspire.landregistry.gov.uk/Wigan.zip
wiltshire	Wiltshire	https://www.gov.uk/government/publications/wiltshire-inspire-index-polygon-data	http://data.inspire.landregistry.gov.uk/Wiltshire.zip
winchester	Winchester	https://www.gov.uk/government/publications/winchester-inspire-index-polygon-data	http://data.inspire.landregistry.gov.uk/Winchester.zip
windsor-and-maidenhead	Windsor and Maidenhead	https://www.gov.uk/government/publications/windsor-and-maidenhead-inspire-index-polygon-data	http://data.inspire.landregistry.gov.uk/Windsor_and_Maidenhead.zip
wirral	Wirral	https://www.gov.uk/government/publications/wirral-inspire-index-polygon-data	http://data.inspire.landregistry.gov.uk/Wirral.zip
woking	Woking	https://www.gov.uk/government/publications/woking-inspire-index-polygon-data	http://data.inspire.landregistry.gov.uk/Woking.zip
wokingham	Wokingham	https://www.gov.uk/government/publications/wokingham-inspire-index-polygon-data	http://data.inspire.landregistry.gov.uk/Wokingham.zip
worcester	Worcester	https://www.gov.uk/government/publications/worcester-inspire-index-polygon-data	http://data.inspire.landregistry.gov.uk/Worcester.zip
worthing	Worthing	https://www.gov.uk/government/publications/worthing-inspire-index-polygon-data	http://data.inspire.landregistry.gov.uk/Worthing.zip
wrecsam-wrexham	Wrecsam - Wrexham	https://www.gov.uk/government/publications/wrecsam-wrexham-inspire-index-polygon-data	http://data.inspire.landregistry.gov.uk/Wrecsam_-_Wrexham.zip
wychavon	Wychavon	https://www.gov.uk/government/publications/wychavon-inspire-index-polygon-data	http://data.inspire.landregistry.gov.uk/Wychavon.zip
wycombe	Wycombe	https://www.gov.uk/government/publications/wycombe-inspire-index-polygon-data	http://data.inspire.landregistry.gov.uk/Wycombe.zip
wyre-forest	Wyre Forest	https://www.gov.uk/government/publications/wyre-forest-inspire-index-polygon-data	http://data.inspire.landregistry.gov.uk/Wyre_Forest.zip
wyre	Wyre	https://www.gov.uk/government/publications/wyre-inspire-index-polygon-data	http://data.inspire.landregistry.gov.uk/Wyre.zip
york	York	https://www.gov.uk/government/publications/york-inspire-index-polygon-data	http://data.inspire.landregistry.gov.uk/York.zip
